Product ID,Product Name,Product Price,Availability,Quantity,URL
2644643,"Selous Dhurrie Rug, Navy/Ivory",67,AVAILABLE,2,https://www.onekingslane.com/product/51418/2644643
3518272,"Amarcord Rug, Navy/Ivory",67,AVAILABLE,12,https://www.onekingslane.com/product/51418/3518272
1719869,"Lana Dhurrie Rug, Navy/Ivory",67,AVAILABLE,5,https://www.onekingslane.com/product/51418/1719869
3608836,"Mindy Flat-Weave Rug, Navy",67,AVAILABLE,5,https://www.onekingslane.com/product/51418/3608836
3543189,"Uma Flat-Weave Rug, Teal",39,AVAILABLE,12,https://www.onekingslane.com/product/51418/3543189
3543189,"Uma Flat-Weave Rug, Teal",62,AVAILABLE,12,https://www.onekingslane.com/product/51418/3543189
3543189,"Uma Flat-Weave Rug, Teal",52,AVAILABLE,6,https://www.onekingslane.com/product/51418/3543189
3478568,"Betje Flat-Weave Rug, Multi",69,AVAILABLE,1,https://www.onekingslane.com/product/51418/3478568
3421180,"Adella Flat-Weave Rug, Blue",62,AVAILABLE,5,https://www.onekingslane.com/product/51418/3421180
1800312,"Papillon Dhurrie Rug, Light Blue",67,AVAILABLE,1,https://www.onekingslane.com/product/51418/1800312
1800313,"Lolita Dhurrie Rug, Light Blue",67,AVAILABLE,4,https://www.onekingslane.com/product/51418/1800313
2039496,"Senele Dhurrie Rug, Sky/Beige",62,AVAILABLE,6,https://www.onekingslane.com/product/51418/2039496
3666371,"Masai Dhurrie, Navy/Ivory",67,AVAILABLE,1,https://www.onekingslane.com/product/51418/3666371
2365936,"Dale Rug, Navy/Ivory",67,AVAILABLE,7,https://www.onekingslane.com/product/51418/2365936
3403816,"Cay Flat-Weave Rug, Ivory/Black",27,AVAILABLE,8,https://www.onekingslane.com/product/51418/3403816
3403816,"Cay Flat-Weave Rug, Ivory/Black",39,AVAILABLE,12,https://www.onekingslane.com/product/51418/3403816
3403816,"Cay Flat-Weave Rug, Ivory/Black",62,AVAILABLE,12,https://www.onekingslane.com/product/51418/3403816
3403816,"Cay Flat-Weave Rug, Ivory/Black",52,AVAILABLE,1,https://www.onekingslane.com/product/51418/3403816
1758085,"Burke Jute Rug, Pewter/Putty",37,AVAILABLE,1,https://www.onekingslane.com/product/51418/1758085
2070929,"Alicia Rug, Black/Ivory",67,AVAILABLE,2,https://www.onekingslane.com/product/51418/2070929
3558551,"Ada Flat-Weave Rug, Green",27,AVAILABLE,12,https://www.onekingslane.com/product/51418/3558551
3558551,"Ada Flat-Weave Rug, Green",39,AVAILABLE,12,https://www.onekingslane.com/product/51418/3558551
3558551,"Ada Flat-Weave Rug, Green",62,AVAILABLE,6,https://www.onekingslane.com/product/51418/3558551
3558551,"Ada Flat-Weave Rug, Green",52,AVAILABLE,4,https://www.onekingslane.com/product/51418/3558551
1987680,"Leia Flat-Weave Rug, Butter",37,AVAILABLE,1,https://www.onekingslane.com/product/51418/1987680
1636354,"Leon Rug, Light Gold/Ivory",45,AVAILABLE,1,https://www.onekingslane.com/product/51418/1636354
2924372,"Indoor Rug Pad, Gray",7,AVAILABLE,12,https://www.onekingslane.com/product/51418/2924372
2924372,"Indoor Rug Pad, Gray",19,AVAILABLE,12,https://www.onekingslane.com/product/51418/2924372
2924372,"Indoor Rug Pad, Gray",19,AVAILABLE,12,https://www.onekingslane.com/product/51418/2924372
2924372,"Indoor Rug Pad, Gray",45,AVAILABLE,12,https://www.onekingslane.com/product/51418/2924372
2924372,"Indoor Rug Pad, Gray",19,AVAILABLE,12,https://www.onekingslane.com/product/51418/2924372
2924372,"Indoor Rug Pad, Gray",39,AVAILABLE,12,https://www.onekingslane.com/product/51418/2924372
2924372,"Indoor Rug Pad, Gray",55,AVAILABLE,12,https://www.onekingslane.com/product/51418/2924372
2924372,"Indoor Rug Pad, Gray",29,AVAILABLE,12,https://www.onekingslane.com/product/51418/2924372
2924372,"Indoor Rug Pad, Gray",39,AVAILABLE,12,https://www.onekingslane.com/product/51418/2924372
2924372,"Indoor Rug Pad, Gray",59,AVAILABLE,12,https://www.onekingslane.com/product/51418/2924372
2924372,"Indoor Rug Pad, Gray",59,AVAILABLE,12,https://www.onekingslane.com/product/51418/2924372
2924372,"Indoor Rug Pad, Gray",15,AVAILABLE,12,https://www.onekingslane.com/product/51418/2924372
2924372,"Indoor Rug Pad, Gray",15,AVAILABLE,12,https://www.onekingslane.com/product/51418/2924372
2924372,"Indoor Rug Pad, Gray",29,AVAILABLE,12,https://www.onekingslane.com/product/51418/2924372
2924372,"Indoor Rug Pad, Gray",39,AVAILABLE,12,https://www.onekingslane.com/product/51418/2924372
2924372,"Indoor Rug Pad, Gray",45,AVAILABLE,12,https://www.onekingslane.com/product/51418/2924372
